<?xml version="1.0" encoding="UTF-8"?>

<mule xmlns:vm="http://www.mulesoft.org/schema/mule/vm" xmlns:http="http://www.mulesoft.org/schema/mule/http"
	xmlns="http://www.mulesoft.org/schema/mule/core"
	xmlns:doc="http://www.mulesoft.org/schema/mule/documentation" xmlns:xsi="http://www.w3.org/2001/XMLSchema-instance" xsi:schemaLocation="http://www.mulesoft.org/schema/mule/core http://www.mulesoft.org/schema/mule/core/current/mule.xsd
http://www.mulesoft.org/schema/mule/http http://www.mulesoft.org/schema/mule/http/current/mule-http.xsd
http://www.mulesoft.org/schema/mule/vm http://www.mulesoft.org/schema/mule/vm/current/mule-vm.xsd">
	
	<flow name="helloFlow" doc:id="82d1c072-e052-4a8e-a422-b12bec8f178e" >
		<http:listener doc:name="GET /hello." doc:id="723c84d1-8188-4d91-9fdc-540539394139" config-ref="HTTP_Listener_config" path="/hello" allowedMethods="GET">
			<http:response reasonPhrase="Success" >
				<http:headers ><![CDATA[#[output application/java
---
{
	"name" : vars.firstName
}]]]></http:headers>
			</http:response>
		</http:listener>
		<flow-ref doc:name="subFlow" doc:id="340a9663-144d-41cf-8541-726af30da519" name="subFlow"/>
		<vm:publish queueName="goodbye" doc:name="VM goodbye" doc:id="616a69f4-a618-4239-9a3f-81ae2ad666dc" config-ref="VM_Config"/>
		<logger level="INFO" doc:name="Logger" doc:id="304150c3-4993-4614-9026-eada840024c9" message="#['\nMessage: ' ++ payload]"/>
	</flow>
	<flow name="privateFlow" doc:id="4c37c1af-61e0-43d9-ae3d-4614b9d768af">
		<http:request method="GET" doc:name="GET /goodbye" doc:id="6d5a9dc7-c7aa-4546-a9c0-f264b6eb2a57" config-ref="HTTP_Request_configuration" path="/goodbye" responseTimeout="300000">
			<http:query-params><![CDATA[#[output application/java
---
{
	"fullName" : attributes.queryParams.fname
}]]]></http:query-params>
		</http:request>
	</flow>
	<sub-flow name="subFlow" doc:id="3d631681-12fa-4bc4-96c0-50d1c36d0492" >
		<set-variable value="#[message.attributes.queryParams.fname]" doc:name="firstName" doc:id="ad2b0c20-9ef2-4a1c-bbe5-c8bcdf1bdad5" variableName="firstName" />
		<set-payload value="Hello" doc:name="Hello" doc:id="83cd2689-98e8-40f6-bbcd-3eea7ed76c98" />
	</sub-flow>
	<flow name="goodbyeFlow" doc:id="41662f94-555c-48a7-9ca3-72976667be28" >
		<vm:listener queueName="goodbye" doc:name="VM goodbye" doc:id="df9c6c90-9621-4ad7-8c7d-bbfba217f793" config-ref="VM_Config"/>
		<set-payload value="#[upper('Goodbye') ++ ' '++ (attributes.queryParams.fullName default 'Aparna')]" doc:name="Goodbye" doc:id="4012cd0e-8abf-461e-8f24-cf707b5e963a" />
		<logger level="INFO" doc:name="fullName" doc:id="2075418a-fa21-4878-9d41-ed4afe58cac2" message="#[attributes.queryParams.fullName]"/>
	</flow>
</mule>
