<?xml version="1.0" encoding="UTF-8"?>

<mule xmlns:batch="http://www.mulesoft.org/schema/mule/batch" xmlns:jms="http://www.mulesoft.org/schema/mule/jms"
	xmlns:os="http://www.mulesoft.org/schema/mule/os"
	xmlns:db="http://www.mulesoft.org/schema/mule/db" xmlns:file="http://www.mulesoft.org/schema/mule/file" xmlns:salesforce="http://www.mulesoft.org/schema/mule/salesforce" xmlns:ee="http://www.mulesoft.org/schema/mule/ee/core" xmlns:http="http://www.mulesoft.org/schema/mule/http" xmlns="http://www.mulesoft.org/schema/mule/core" xmlns:doc="http://www.mulesoft.org/schema/mule/documentation" xmlns:xsi="http://www.w3.org/2001/XMLSchema-instance" xsi:schemaLocation="http://www.mulesoft.org/schema/mule/core http://www.mulesoft.org/schema/mule/core/current/mule.xsd
http://www.mulesoft.org/schema/mule/http http://www.mulesoft.org/schema/mule/http/current/mule-http.xsd
http://www.mulesoft.org/schema/mule/ee/core http://www.mulesoft.org/schema/mule/ee/core/current/mule-ee.xsd
http://www.mulesoft.org/schema/mule/salesforce http://www.mulesoft.org/schema/mule/salesforce/current/mule-salesforce.xsd
http://www.mulesoft.org/schema/mule/file http://www.mulesoft.org/schema/mule/file/current/mule-file.xsd
http://www.mulesoft.org/schema/mule/db http://www.mulesoft.org/schema/mule/db/current/mule-db.xsd
http://www.mulesoft.org/schema/mule/os http://www.mulesoft.org/schema/mule/os/current/mule-os.xsd
http://www.mulesoft.org/schema/mule/jms http://www.mulesoft.org/schema/mule/jms/current/mule-jms.xsd
http://www.mulesoft.org/schema/mule/batch http://www.mulesoft.org/schema/mule/batch/current/mule-batch.xsd">
	<flow name="receiveJMSMessages" doc:id="1cff5b86-d884-4358-a332-fb7350c1efe9" >
		<jms:listener doc:name="JMS accountsQ" doc:id="d6e02479-ff03-4c3f-9803-5f64cd330534" destination="accountsQ">
			<jms:consumer-type >
				<jms:queue-consumer />
			</jms:consumer-type>
		</jms:listener>
		<ee:transform doc:name="JSON to Accounts" doc:id="12a98bdc-e2bd-4f55-8614-d1f1ca33e561" >
			<ee:message >
				<ee:set-payload ><![CDATA[%dw 2.0
output application/java
---
payload map ( payload01 , indexOfPayload01 ) -> {
	Name: payload01.name,
	BillingStreet: payload01.street,
	BillingCity: (payload01.city default ""),
	BillingState: payload01.state,
	BillingPostalCode: payload01.postal,
	BillingCountry: payload01.country
}]]></ee:set-payload>
			</ee:message>
		</ee:transform>
		<batch:job jobName="syncWithSalesforce" doc:id="de0de321-bf53-4b29-bd5d-792cb5796837" >
			<batch:process-records >
				<batch:step name="isAccountInSalesforce" doc:id="31957ed7-d28a-46dd-8d03-0989b4f65209" >
					<salesforce:query doc:name="Account" doc:id="469fb35e-f130-449e-8fa1-1e710b56bafc" config-ref="Salesforce_Config" target="exists" targetValue="#[(sizeOf(payload as Array) &gt; 0)]">
						<salesforce:salesforce-query ><![CDATA[SELECT Name FROM Account WHERE Name= ':cname']]></salesforce:salesforce-query>
						<salesforce:parameters ><![CDATA[#[output application/java
---
{
	"cname" : payload.Name default "" as String
}]]]></salesforce:parameters>
					</salesforce:query>
					<logger level="INFO" doc:name="Logger" doc:id="b38233da-a2ae-4df5-b673-126bcb3a3abc" />
				</batch:step>
				<batch:step doc:id="87e26ae8-1ec4-4f30-9bb5-7ff09e6edc67" name="writeToSalesforce" acceptExpression="#[not vars.exists]">
					<batch:aggregator doc:name="Batch Aggregator" doc:id="c18fef27-5fc1-49e2-9b8a-e68f4cac3d8c" size="3">
						<salesforce:create type="Account" doc:name="Accounts" doc:id="a4b4fd43-ebda-4780-a4ef-ca7144e94ae9" config-ref="Salesforce_Config" />
						<logger level="INFO" doc:name="Logger" doc:id="ce8e7d29-151c-4fc9-8a48-38cd75848627" />
					</batch:aggregator>
				</batch:step>
			</batch:process-records>
			<batch:on-complete >
				<logger level="INFO" doc:name="Logger" doc:id="f2a7683a-117d-4544-8750-1069496119b8" />
			</batch:on-complete>
		</batch:job>
		<logger level="INFO" doc:name="payload" doc:id="1dc765d0-baa3-4f40-a25f-e787faa5df97" message="#[payload]"/>
	</flow>
	<flow name="syncDBaccountsWithPostal" doc:id="e8bb9803-5a69-4e0f-b97b-703c550c5135" initialState="started">
		<scheduler doc:name="Scheduler" doc:id="90e68540-02df-4e8a-83fe-1dd5bf14a67d" >
			<scheduling-strategy >
				<fixed-frequency frequency="300" timeUnit="SECONDS"/>
			</scheduling-strategy>
		</scheduler>
		<os:retrieve doc:name="lastAccountID" doc:id="e268618f-3e96-4e49-b13d-9e24c8ef1a2c" key="lastAccountID" target="lastAccountID">
			<os:default-value ><![CDATA[0]]></os:default-value>
		</os:retrieve>
		<db:select doc:name="accounts" doc:id="cd1482d7-754b-4a71-9f3e-c5908550acd4" config-ref="Database_Config">
			<db:sql ><![CDATA[SELECT * FROM accounts WHERE postal =:postal AND accountID > :lastAccountID]]></db:sql>
			<db:input-parameters ><![CDATA[#[{postal: '600053', lastAccountID: vars.lastAccountID}]]]></db:input-parameters>
		</db:select>
		<choice doc:name="Choice" doc:id="1994f82b-da9e-4639-a6b0-b6e003d4d4ec" >
			<when expression="#[not isEmpty(payload)]">
				<os:store doc:name="lastAccountID" doc:id="d3dbc70e-4f1e-4b29-8a12-ea4a33874290" key="lastAccountID">
			<os:value><![CDATA[#[max(payload.*accountID)]]]></os:value>
		</os:store>
				<file:write doc:name="DBaccountsPostal.csv" doc:id="2072a616-daa7-43db-9e63-343749f28a96" config-ref="File_Config" path="output/DBaccountsPostal.csv" mode="APPEND">
			<file:content><![CDATA[#[output application/csv header=false --- payload]]]></file:content>
		</file:write>
				<logger level="INFO" doc:name="CSV payload." doc:id="d4d2fcb8-a0cf-4f86-bfb6-b089e9b4fd2e" message="#[output application/csv --- payload]" />
				<jms:publish doc:name="JMSaccountsQ" doc:id="669cb53e-f88c-4509-be12-6964ca622af6" destination="accountsQ">
					<jms:message >
						<jms:body ><![CDATA[#[output application/json ---payload]]]></jms:body>
						<jms:properties ><![CDATA[#[{"publisher":"training"}]]]></jms:properties>
					</jms:message>
				</jms:publish>
			</when>
			<otherwise >
				<logger level="INFO" doc:name="No new records" doc:id="8cd2d875-86c0-449a-bbb9-b89ab4828de2" message="No new records"/>
			</otherwise>
		</choice>
	</flow>
	<flow name="syncDBaccountsToCSV" doc:id="33f12980-bd96-4a71-b8dd-e6ffdbf4d716" initialState="stopped">
		<db:listener doc:name="accounts" doc:id="55d48bef-527d-4f6d-b32c-bfc29071e550" config-ref="Database_Config" table="accounts" watermarkColumn="accountID" idColumn="accountID">
			<scheduling-strategy >
				<fixed-frequency frequency="10" timeUnit="SECONDS"/>
			</scheduling-strategy>
		</db:listener>
		<ee:transform doc:name="Java to CSV" doc:id="75e36e94-0a72-424d-ad15-01b7780d834b" >
			<ee:message >
				<ee:set-payload ><![CDATA[%dw 2.0
output application/csv header=false
---
[payload]]]></ee:set-payload>
			</ee:message>
		</ee:transform>
		<file:write doc:name="DBaccounts.csv" doc:id="2266d10f-5327-43fc-901b-ca106833986d" config-ref="File_Config" path="output/DBaccounts.csv" mode="APPEND"/>
		<logger level="INFO" doc:name="payload" doc:id="134572e7-c947-46f0-91e1-6813a960d187" message="#[payload]"/>
	</flow>
	<flow name="batchProcessCSVaccounts" doc:id="ad95a869-b97f-4b15-a72c-2cef0a8ea8a0" >
		<file:listener doc:name="accounts.csv" doc:id="c6c6e0de-5ec2-4765-8738-ed2b8abc7132" config-ref="File_Config" directory="C:\Users\aparna\Desktop\Devfund\APDevFundamentals4.3_studentFiles_29apr2021\APDevFundamentals4.3_studentFiles_29apr2021\resources\input" moveToDirectory="C:\Users\aparna\Desktop\Devfund\APDevFundamentals4.3_studentFiles_29apr2021\APDevFundamentals4.3_studentFiles_29apr2021\resources\output" >
			<scheduling-strategy >
				<fixed-frequency />
			</scheduling-strategy>
			<file:matcher filenamePattern="*.csv" />
		</file:listener>
		<ee:transform doc:name="CSV to Java" doc:id="fa9285b0-8990-4bb6-910a-62e6271329a0" >
			<ee:message >
				<ee:set-payload ><![CDATA[%dw 2.0
output application/java
---
payload]]></ee:set-payload>
			</ee:message>
		</ee:transform>
		<set-variable value="#[sizeOf(payload)]" doc:name="size" doc:id="17b5b1cb-c661-40b6-a56d-ff919b8be62c" variableName="size"/>
		<batch:job jobName="accountsBatch_Job" doc:id="f1dcd070-7fd8-4d92-9f96-2aa617055545" >
			<batch:process-records >
				<batch:step name="Batch_Step" doc:id="0d2f1cfb-a320-4d59-b225-c1d80eb978ba" >
					<set-variable value="#[payload.Name]" doc:name="cname" doc:id="2ba77bab-227e-41e2-b719-83f80c87d1fb" variableName="cname"/>
					<logger level="INFO" doc:name="Logger" doc:id="765fe1c1-a3e4-4f64-b5fc-f109d008b879" />
				</batch:step>
				<batch:step name="Batch_Step1" doc:id="65c76d59-6fb9-42d2-8db6-24c8a087acc3" >
					<logger level="INFO" doc:name="Logger" doc:id="e26e0f77-d32c-4655-bb46-a75df491a2a1" />
				</batch:step>
			</batch:process-records>
			<batch:on-complete >
				<logger level="INFO" doc:name="Logger" doc:id="73fae2b2-27b2-4e23-b481-f11f2d397e31" />
			</batch:on-complete>
		</batch:job>
	</flow>
	<flow name="getCSVaccounts" doc:id="791affde-3226-4dc5-a563-7afb98dab9b0" initialState="stopped">
		<file:listener doc:name="accounts.csv" doc:id="f9b7e385-68c8-4d91-b209-2cb16b1a33d0" config-ref="File_Config" directory="C:\Users\aparna\Desktop\Devfund\APDevFundamentals4.3_studentFiles_29apr2021\APDevFundamentals4.3_studentFiles_29apr2021\resources\input" moveToDirectory="C:\Users\aparna\Desktop\Devfund\APDevFundamentals4.3_studentFiles_29apr2021\APDevFundamentals4.3_studentFiles_29apr2021\resources\output">
			<scheduling-strategy >
				<fixed-frequency />
			</scheduling-strategy>
			<file:matcher filenamePattern="*.csv" />
		</file:listener>
		<ee:transform doc:name="CSV to Java" doc:id="e539185d-272f-4217-b906-4b8395c3a64a" >
			<ee:message >
				<ee:set-payload ><![CDATA[%dw 2.0
output application/java
---
payload]]></ee:set-payload>
			</ee:message>
		</ee:transform>
		<foreach doc:name="For Each" doc:id="73038c8f-0ff6-4016-a94b-dd3c023cae4d" >
			<set-payload value="processed" doc:name="processed" doc:id="959d8ba5-249c-46be-836e-1124864fd32a" />
			<logger level="INFO" doc:name="payload" doc:id="efa7113f-e4a1-4e19-a138-69c16cb62a80" message="#[payload]"/>
		</foreach>
		<logger level="INFO" doc:name="payload" doc:id="0de91cd0-bd54-4a0a-930d-2f0c9806f64e" message="#[payload]"/>
	</flow>
	<flow name="getSFDCaccounts" doc:id="2d0c4a58-f267-42d9-a07d-1cd8561a4376" >
		<http:listener doc:name="GET /sfdc" doc:id="3c39cba0-8bf0-4bfc-9258-a6d05d02bd9f" config-ref="HTTP_Listener_config" path="/sfdc" allowedMethods="GET"/>
		<salesforce:query doc:name="Account" doc:id="1ca112b1-cde2-457c-b7b0-9fc4ec558712" config-ref="Salesforce_Config">
			<salesforce:salesforce-query ><![CDATA[SELECT Name, LastModifiedDate, BillingPostalCode
FROM Account]]></salesforce:salesforce-query>
		</salesforce:query>
		<ee:transform doc:name="Transform Message" doc:id="7c0fa9bc-8957-4c3a-a6c5-dc60bcce9001" >
			<ee:message >
				<ee:set-payload ><![CDATA[%dw 2.0
output application/json
---
payload]]></ee:set-payload>
			</ee:message>
		</ee:transform>
	</flow>
</mule>
