<?xml version="1.0" encoding="UTF-8"?>

<mule xmlns:http="http://www.mulesoft.org/schema/mule/http" xmlns="http://www.mulesoft.org/schema/mule/core"
	xmlns:doc="http://www.mulesoft.org/schema/mule/documentation"
	xmlns:xsi="http://www.w3.org/2001/XMLSchema-instance" xsi:schemaLocation="http://www.mulesoft.org/schema/mule/core http://www.mulesoft.org/schema/mule/core/current/mule.xsd
http://www.mulesoft.org/schema/mule/http http://www.mulesoft.org/schema/mule/http/current/mule-http.xsd">
	<http:listener-config name="HTTP_Listener_config" doc:name="HTTP Listener config" doc:id="ef93bf07-0895-48fa-8bbe-cfa034f06080" >
		<http:listener-connection host="0.0.0.0" port="8081" />
	</http:listener-config>
	<http:request-config name="HTTP_Request_configuration" doc:name="HTTP Request configuration" doc:id="d14850eb-4e13-4ca3-9a4e-7b531e826cb7" >
		<http:request-connection host="localhost" port="8081" />
	</http:request-config>
	<http:request-config name="HTTP_Request_configuration1" doc:name="HTTP Request configuration" doc:id="69597d0b-2581-4552-b09c-160fffe1244f" >
		<http:request-connection host="localhost" port="8081" />
	</http:request-config>
	<flow name="helloFlow" doc:id="82d1c072-e052-4a8e-a422-b12bec8f178e" >
		<http:listener doc:name="GET /hello." doc:id="723c84d1-8188-4d91-9fdc-540539394139" config-ref="HTTP_Listener_config" path="/hello" allowedMethods="GET">
			<http:response reasonPhrase="Success" >
				<http:headers ><![CDATA[#[output application/java
---
{
	"name" : vars.firstName
}]]]></http:headers>
			</http:response>
		</http:listener>
		<set-variable value="#[message.attributes.queryParams.fname]" doc:name="firstName" doc:id="ad2b0c20-9ef2-4a1c-bbe5-c8bcdf1bdad5" variableName="firstName"/>
		<set-payload value="Hello" doc:name="Hello" doc:id="83cd2689-98e8-40f6-bbcd-3eea7ed76c98" />
		<http:request method="GET" doc:name="GET /goodbye" doc:id="6d5a9dc7-c7aa-4546-a9c0-f264b6eb2a57" config-ref="HTTP_Request_configuration1" path="/goodbye" responseTimeout="300000">
			<http:query-params ><![CDATA[#[output application/java
---
{
	"fullName" : attributes.queryParams.fname
}]]]></http:query-params>
		</http:request>
		<logger level="INFO" doc:name="Logger" doc:id="304150c3-4993-4614-9026-eada840024c9" message="#['\nMessage: ' ++ payload]"/>
	</flow>
	<flow name="goodbyeFlow" doc:id="41662f94-555c-48a7-9ca3-72976667be28" >
		<http:listener doc:name=" GET/goodbye" doc:id="0ae96e95-09b9-44c9-9601-9ea47ede6b3c" config-ref="HTTP_Listener_config" path="/goodbye" allowedMethods="GET"/>
		<set-payload value="#[upper('Goodbye') ++ ' '++ (attributes.queryParams.fullName default 'Aparna')]" doc:name="Goodbye" doc:id="4012cd0e-8abf-461e-8f24-cf707b5e963a" />
		<logger level="INFO" doc:name="fullName" doc:id="2075418a-fa21-4878-9d41-ed4afe58cac2" message="#[attributes.queryParams.fullName]"/>
	</flow>
</mule>
