<?xml version="1.0" encoding="UTF-8"?>

<mule xmlns:wsc="http://www.mulesoft.org/schema/mule/wsc" xmlns:http="http://www.mulesoft.org/schema/mule/http"
	xmlns="http://www.mulesoft.org/schema/mule/core"
	xmlns:doc="http://www.mulesoft.org/schema/mule/documentation" xmlns:xsi="http://www.w3.org/2001/XMLSchema-instance" xsi:schemaLocation="http://www.mulesoft.org/schema/mule/core http://www.mulesoft.org/schema/mule/core/current/mule.xsd
http://www.mulesoft.org/schema/mule/http http://www.mulesoft.org/schema/mule/http/current/mule-http.xsd
http://www.mulesoft.org/schema/mule/wsc http://www.mulesoft.org/schema/mule/wsc/current/mule-wsc.xsd">
	<configuration-properties doc:name="Configuration properties" doc:id="e890ae6a-f24a-4b34-9d4e-004398d397e7" file="config.yaml" />
	<http:listener-config name="HTTP_Listener_config" doc:name="HTTP Listener config" doc:id="0cce1df1-28a9-4184-8536-3ec052a02072" >
		<http:listener-connection host="0.0.0.0" port="${http.port}" />
	</http:listener-config>
	<http:request-config name="HTTP_Request_config_training" doc:name="HTTP Request configuration" doc:id="14c4dfbf-784a-4d76-87ed-45ebe1241372" basePath="${training.basepath}" >
		<http:request-connection host="${training.host}" port="${training.port}" />
	</http:request-config>
	<wsc:config name="Delta_Web_Service_Consumer_Config" doc:name="Web Service Consumer Config" doc:id="aa657237-3faa-480d-925e-5411d57cd814" >
		<wsc:connection wsdlLocation="${delta.wsdl}" service="${delta.service}" port="${delta.port}" />
	</wsc:config>
</mule>
