<?xml version="1.0" encoding="UTF-8"?>

<mule xmlns:ee="http://www.mulesoft.org/schema/mule/ee/core" xmlns:wsc="http://www.mulesoft.org/schema/mule/wsc"
	xmlns:http="http://www.mulesoft.org/schema/mule/http"
	xmlns="http://www.mulesoft.org/schema/mule/core" xmlns:doc="http://www.mulesoft.org/schema/mule/documentation" xmlns:xsi="http://www.w3.org/2001/XMLSchema-instance" xsi:schemaLocation="http://www.mulesoft.org/schema/mule/core http://www.mulesoft.org/schema/mule/core/current/mule.xsd
http://www.mulesoft.org/schema/mule/http http://www.mulesoft.org/schema/mule/http/current/mule-http.xsd
http://www.mulesoft.org/schema/mule/wsc http://www.mulesoft.org/schema/mule/wsc/current/mule-wsc.xsd
http://www.mulesoft.org/schema/mule/ee/core http://www.mulesoft.org/schema/mule/ee/core/current/mule-ee.xsd">
	<configuration-properties doc:name="Configuration properties" doc:id="e890ae6a-f24a-4b34-9d4e-004398d397e7" file="config.yaml" />
	<http:listener-config name="HTTP_Listener_config" doc:name="HTTP Listener config" doc:id="0cce1df1-28a9-4184-8536-3ec052a02072" >
		<http:listener-connection host="0.0.0.0" port="${http.port}" />
	</http:listener-config>
	<http:request-config name="HTTP_Request_config_training" doc:name="HTTP Request configuration" doc:id="14c4dfbf-784a-4d76-87ed-45ebe1241372" basePath="${training.basepath}" >
		<http:request-connection host="${training.host}" port="${training.port}" />
	</http:request-config>
	<wsc:config name="Delta_Web_Service_Consumer_Config" doc:name="Web Service Consumer Config" doc:id="aa657237-3faa-480d-925e-5411d57cd814" >
		<wsc:connection wsdlLocation="${delta.wsdl}" service="${delta.service}" port="${delta.port}" >
			<reconnection >
				<reconnect />
			</reconnection>
		</wsc:connection>
	</wsc:config>
	<configuration doc:name="Configuration" doc:id="a0bb4165-e786-4f1c-b913-8fea007b2274" defaultErrorHandler-ref="globalError_Handler" />
	<error-handler name="globalError_Handler" doc:id="c8d86c74-7c16-4168-9cad-e4ac09863d74" >
		<on-error-continue enableNotifications="true" logException="true" doc:name="On Error Continue" doc:id="a9628ffc-dbfc-4ba3-8d59-edcd5acdfd50" type="APP:INVALID_DESTINATION">
				<ee:transform doc:name="error.description" doc:id="34e6787e-704f-45bf-b537-4fe71598eac7">
					<ee:message>
						<ee:set-payload><![CDATA[%dw 2.0
output application/json
---
{
	"message": error.description
}]]></ee:set-payload>
					</ee:message>
				</ee:transform>
				<set-variable value="400" doc:name="httpStatus" doc:id="3e92ef66-dbca-4f08-a56e-784e28bb9c74" variableName="httpStatus" />
			</on-error-continue>
		<on-error-continue enableNotifications="true" logException="true" doc:name="On Error Continue" doc:id="7ac434f6-1342-469e-a0cb-aa65a1e8efc0" type="WSC:CONNECTIVITY,WSC:INVALID_WSDL">
			<ee:transform doc:name="Data unavailable" doc:id="26a0fec2-55a2-4b46-a26b-ee01b357ddb7" >
				<ee:message >
					<ee:set-payload ><![CDATA[%dw 2.0
output application/json
---
{
	"message": "Data unavailable Try later." ++ error.description as String
}]]></ee:set-payload>
				</ee:message>
			</ee:transform>
			<set-variable value="500" doc:name="httpStatus" doc:id="98971b66-6b8d-4d93-817b-2dd8155cc195" variableName="httpStatus"/>
		</on-error-continue>
		<on-error-continue enableNotifications="true" logException="true" doc:name="On Error Continue" doc:id="658cc019-6de3-4306-a1a4-6658998b3c35" type="ANY">
			<ee:transform doc:name="error.description" doc:id="e434de4f-4565-4110-80fe-a1426c4e61ac">
				<ee:message>
					<ee:set-payload><![CDATA[%dw 2.0
output application/json
---
{
	"message":error.description
}]]></ee:set-payload>
				</ee:message>
			</ee:transform>
			<set-variable value="500" doc:name="httpStatus" doc:id="e5fc5774-91f3-4394-aa7e-a177f756c302" variableName="httpStatus" />
		</on-error-continue>
	</error-handler>
</mule>
