<?xml version="1.0" encoding="UTF-8"?>

<mule xmlns:jms="http://www.mulesoft.org/schema/mule/jms"
	xmlns:db="http://www.mulesoft.org/schema/mule/db"
	xmlns:file="http://www.mulesoft.org/schema/mule/file" xmlns:salesforce="http://www.mulesoft.org/schema/mule/salesforce"
	xmlns:http="http://www.mulesoft.org/schema/mule/http"
	xmlns:vm="http://www.mulesoft.org/schema/mule/vm" xmlns="http://www.mulesoft.org/schema/mule/core" xmlns:doc="http://www.mulesoft.org/schema/mule/documentation" xmlns:xsi="http://www.w3.org/2001/XMLSchema-instance" xsi:schemaLocation="
http://www.mulesoft.org/schema/mule/http http://www.mulesoft.org/schema/mule/http/current/mule-http.xsd 
http://www.mulesoft.org/schema/mule/vm http://www.mulesoft.org/schema/mule/vm/current/mule-vm.xsd http://www.mulesoft.org/schema/mule/core http://www.mulesoft.org/schema/mule/core/current/mule.xsd
http://www.mulesoft.org/schema/mule/salesforce http://www.mulesoft.org/schema/mule/salesforce/current/mule-salesforce.xsd
http://www.mulesoft.org/schema/mule/file http://www.mulesoft.org/schema/mule/file/current/mule-file.xsd
http://www.mulesoft.org/schema/mule/db http://www.mulesoft.org/schema/mule/db/current/mule-db.xsd
http://www.mulesoft.org/schema/mule/jms http://www.mulesoft.org/schema/mule/jms/current/mule-jms.xsd">
	
	<http:listener-config name="HTTP_Listener_config" doc:name="HTTP Listener config" doc:id="512e4532-356a-476f-b76f-e4134732cc73" >
		<http:listener-connection host="0.0.0.0" port="${http.port}" />
	</http:listener-config>
	<http:request-config name="HTTP_Request_configuration" doc:name="HTTP Request configuration" doc:id="08aa7cd1-d23a-4aca-9271-5840f4b247d8" >
		<http:request-connection host="localhost" port="8081" />
	</http:request-config>
	<vm:config name="VM_Config" doc:name="VM Config" doc:id="ea213d4e-d68a-41a8-ba0d-9c9df14dd2c0" >
		<vm:queues >
			<vm:queue queueName="goodbye" />
		</vm:queues>
	</vm:config>
	<salesforce:sfdc-config name="Salesforce_Config" doc:name="Salesforce Config" doc:id="cd51c9e8-8e78-46d2-b4ff-f7e8b7828db7" >
		<salesforce:basic-connection username="${sfdc.username}" password="${sfdc.password}" securityToken="${sfdc.token}" />
	</salesforce:sfdc-config>
	<configuration-properties doc:name="Configuration properties" doc:id="a7080d65-3c08-434e-b4a8-23417e2ae753" file="config.yaml" />
	<file:config name="File_Config" doc:name="File Config" doc:id="00e4ed1a-f884-460e-ac81-a31971b2a753" >
		<file:connection workingDir="${file.accountsDir}" />
	</file:config>
	<db:config name="Database_Config" doc:name="Database Config" doc:id="225f8064-7896-41d0-a71a-148109a427b8" >
		<db:my-sql-connection host="${db.host}" port="${db.port}" user="${db.user}" password="${db.password}" database="${db.database}" />
	</db:config>
	<jms:config name="JMS_Config" doc:name="JMS Config" doc:id="c6d27c63-5e01-4aad-b2c0-5292b880a8a3" >
		<jms:active-mq-connection >
			<jms:factory-configuration />
		</jms:active-mq-connection>
	</jms:config>
	
	
</mule>
