<?xml version="1.0" encoding="UTF-8"?>

<mule xmlns:ee="http://www.mulesoft.org/schema/mule/ee/core" xmlns:wsc="http://www.mulesoft.org/schema/mule/wsc"
	xmlns:american-flights-api="http://www.mulesoft.org/schema/mule/american-flights-api"
	xmlns:http="http://www.mulesoft.org/schema/mule/http" xmlns="http://www.mulesoft.org/schema/mule/core" xmlns:doc="http://www.mulesoft.org/schema/mule/documentation" xmlns:xsi="http://www.w3.org/2001/XMLSchema-instance" xsi:schemaLocation="http://www.mulesoft.org/schema/mule/core http://www.mulesoft.org/schema/mule/core/current/mule.xsd
http://www.mulesoft.org/schema/mule/http http://www.mulesoft.org/schema/mule/http/current/mule-http.xsd
http://www.mulesoft.org/schema/mule/american-flights-api http://www.mulesoft.org/schema/mule/american-flights-api/current/mule-american-flights-api.xsd
http://www.mulesoft.org/schema/mule/wsc http://www.mulesoft.org/schema/mule/wsc/current/mule-wsc.xsd
http://www.mulesoft.org/schema/mule/ee/core http://www.mulesoft.org/schema/mule/ee/core/current/mule-ee.xsd">
	<american-flights-api:config name="American_Flights_API_Config" doc:name="American Flights API Config" doc:id="60642e10-58a1-47a2-992a-0113eb2475f8" property_host="${american.host}" property_port="${american.port}" property_protocol="${american.protocol}" property_basePath="${american.basepath}" />
	<sub-flow name="setCode" doc:id="7f8e1136-3200-4a1e-8404-6cf333b869ed" >
		<set-variable value="#[message.attributes.queryParams.code default'SFO']" doc:name="code" doc:id="340934f2-b2d2-40ab-8d08-53f123e9e4bb" variableName="code"/>
	</sub-flow>
	<flow name="getAmericanFlights" doc:id="916a5b73-93cd-4f33-a6d2-1e8db3e872c3" >
		<http:listener doc:name="GET /american" doc:id="a0ef8ed5-c5f6-4a5e-962a-9fe3a1e615f3" config-ref="HTTP_Listener_config" path="/american" allowedMethods="GET"/>
		<flow-ref doc:name="setCode" doc:id="27f797d2-7d77-40d5-81a0-d67e771a4a83" name="setCode"/>
		<american-flights-api:get-flights doc:name="Get flights" doc:id="120480e4-2e3c-41ab-b94b-42f1cfc4873c" client-id="${american.client_id}" client-secret="${american.client_secret}" config-ref="American_Flights_API_Config" destination="#[vars.code]"/>
		<ee:transform doc:name="JSON to [Flight]" doc:id="ed1ad532-a948-42fd-8439-b3994921a903" >
			<ee:message >
				<ee:set-payload ><![CDATA[%dw 2.0
output application/java
---
payload map ( payload01 , indexOfPayload01 ) -> {
	airlineName: "American",
	availableSeats: payload01.plane.totalSeats,
	departureDate: payload01.departureDate,
	destination: payload01.destination,
	flightCode: payload01.code,
	origination: payload01.origin,
	planeType: payload01.plane."type",
	price: payload01.price
} as Object {
	class : "com.mulesoft.training.Flight"
}]]></ee:set-payload>
			</ee:message>
		</ee:transform>
		<logger level="INFO" doc:name="Logger" doc:id="401a98eb-4fd6-4d7b-8b7e-f64b539f41d5" />
	</flow>
	<flow name="getUnitedFlights" doc:id="beaff0f3-ba0a-4e69-b685-c2cc090f5782" >
		<http:listener doc:name="GET /united" doc:id="a1f0744c-cf1d-4340-be32-7cb089128373" config-ref="HTTP_Listener_config" path="/united" allowedMethods="GET"/>
		<flow-ref doc:name="setCode" doc:id="84be5ba3-cf7d-4f0b-a710-f0ecc7fe2e59" name="setCode"/>
		<http:request method="GET" doc:name="Getflights" doc:id="d46d1abf-2a6d-4f21-8116-a5f27b579a3e" path="/united/flights/{dest}" config-ref="HTTP_Request_config_training">
			<http:uri-params ><![CDATA[#[output application/java
---
{
	"dest" : vars.code
}]]]></http:uri-params>
		</http:request>
		<ee:transform doc:name="Transform Message" doc:id="f3b38971-0d17-416d-a69c-fccd1308c5f6" >
			<ee:message >
				<ee:set-payload ><![CDATA[%dw 2.0
output application/java
---
payload.flights map ( flight , indexOfFlight ) -> {
	airlineName: flight.airlineName,
	availableSeats: flight.emptySeats,
	departureDate: flight.departureDate,
	destination: flight.destination,
	flightCode: flight.code,
	origination: flight.origin,
	planeType: flight.planeType,
	price: flight.price
} as Object {
	class : "com.mulesoft.training.Flight"
}]]></ee:set-payload>
			</ee:message>
		</ee:transform>
		<logger level="INFO" doc:name="Logger" doc:id="d8a8eeb8-00a7-4624-875a-17792475d544" />
	</flow>
	<flow name="getDeltaFlights" doc:id="7e54067e-4af1-48c2-a11a-b24c70cf8ef2" >
		<http:listener doc:name="GET /delta" doc:id="8e49c362-06e4-4cd6-b719-8316b61751b3" config-ref="HTTP_Listener_config" path="/delta" allowedMethods="GET"/>
		<flow-ref doc:name="setCode" doc:id="cb8bc0a8-e6cd-4273-a4d4-471d4205e720" name="setCode"/>
		<ee:transform doc:name="Pass code" doc:id="4a969433-d5ec-45b8-8457-29c8a2e99cc1" >
			<ee:message >
				<ee:set-payload ><![CDATA[%dw 2.0
output application/xml
ns ns0 http://soap.training.mulesoft.com/
---
{
	ns0#findFlight: {
		destination: vars.code
	}
}]]></ee:set-payload>
			</ee:message>
		</ee:transform>
		<wsc:consume doc:name="Get flights" doc:id="b9ffbdf9-9d93-4e72-90eb-3b843abb633d" config-ref="Delta_Web_Service_Consumer_Config" operation="findFlight"/>
		<ee:transform doc:name="JSON to [Flight]" doc:id="cd95ea6f-a315-46fe-9b42-2587fd393ab6">
			<ee:message>
				<ee:set-payload><![CDATA[%dw 2.0
output application/java
ns ns0 http://soap.training.mulesoft.com/
---
payload.body.ns0#findFlightResponse.*return map ( return , indexOfReturn ) -> {
	airlineName: return.airlineName,
	availableSeats: return.emptySeats,
	departureDate: return.departureDate,
	destination: return.destination,
	flightCode: return.code,
	origination: return.origin,
	planeType: return.planeType,
	price: return.price
} as Object {
	class : "com.mulesoft.training.Flight"
}]]></ee:set-payload>
			</ee:message>
		</ee:transform>
		<logger level="INFO" doc:name="Logger" doc:id="ca570f2f-a9a7-4729-90c6-03e57c288595" />
	</flow>
</mule>
