<?xml version="1.0" encoding="UTF-8"?>

<mule xmlns:validation="http://www.mulesoft.org/schema/mule/validation" xmlns:ee="http://www.mulesoft.org/schema/mule/ee/core"
	xmlns:wsc="http://www.mulesoft.org/schema/mule/wsc"
	xmlns:american-flights-api="http://www.mulesoft.org/schema/mule/american-flights-api" xmlns:http="http://www.mulesoft.org/schema/mule/http" xmlns="http://www.mulesoft.org/schema/mule/core" xmlns:doc="http://www.mulesoft.org/schema/mule/documentation" xmlns:xsi="http://www.w3.org/2001/XMLSchema-instance" xsi:schemaLocation="http://www.mulesoft.org/schema/mule/core http://www.mulesoft.org/schema/mule/core/current/mule.xsd
http://www.mulesoft.org/schema/mule/http http://www.mulesoft.org/schema/mule/http/current/mule-http.xsd
http://www.mulesoft.org/schema/mule/american-flights-api http://www.mulesoft.org/schema/mule/american-flights-api/current/mule-american-flights-api.xsd
http://www.mulesoft.org/schema/mule/wsc http://www.mulesoft.org/schema/mule/wsc/current/mule-wsc.xsd
http://www.mulesoft.org/schema/mule/ee/core http://www.mulesoft.org/schema/mule/ee/core/current/mule-ee.xsd
http://www.mulesoft.org/schema/mule/validation http://www.mulesoft.org/schema/mule/validation/current/mule-validation.xsd">
	<american-flights-api:config name="American_Flights_API_Config" doc:name="American Flights API Config" doc:id="60642e10-58a1-47a2-992a-0113eb2475f8" property_host="${american.host}" property_port="${american.port}" property_protocol="${american.protocol}" property_basePath="${american.basepath}" />
	<flow name="getFlights" doc:id="19157d66-8bf4-4faf-a2d5-d5091387f18c" >
		<http:listener doc:name="GET /flights" doc:id="5ba441a1-ff72-4ddf-8250-267ccc873247" config-ref="HTTP_Listener_config" path="/flights" />
		<set-variable value="#[message.attributes.queryParams.airline]" doc:name="airline" doc:id="b1efed5c-74de-4261-b8b4-0a261633efd5" variableName="airline"/>
		<flow-ref doc:name="setCode" doc:id="20897834-10c6-49f0-9668-c1132a792b0f" name="setCode"/>
		<validation:is-true doc:name="valid destination" doc:id="97b127f4-cf33-40c3-830c-28b6d1e72e49" expression="#[['SFO','LAX','CLE','PDX','PDF'] contains vars.code]" message="#['Invalid destination' ++ ' ' ++ (vars.code default' ')]"/>
		<choice doc:name="Choice" doc:id="cbbac24e-4598-43c6-bfc0-b4b597f6d916" >
			<when expression='#[vars.airline=="american"]'>
				<flow-ref doc:name="getAmericanFlights" doc:id="06fee005-acdf-4fee-9665-a774d6a57a3a" name="getAmericanFlights"/>
			</when>
			<when expression='#[vars.airline=="united"]'>
				<flow-ref doc:name="getUnitedFlights" doc:id="9911880a-04bb-43a7-ab12-c21bfdb154bd" name="getUnitedFlights"/>
			</when>
			<when expression='#[vars.airline=="delta"]'>
				<flow-ref doc:name="getDeltaFlights" doc:id="2f84cdf1-ff6f-47cf-a6ba-96465b1bbd55" name="getDeltaFlights"/>
			</when>
			<otherwise >
				<flow-ref doc:name="getAllAirlineFlights." doc:id="af5ed5ca-3191-42f9-8b77-c755faef7870" name="getAllAirlineFlights"/>
			</otherwise>
		</choice>
		<ee:transform doc:name="[Flight] to JSON" doc:id="b635be07-7fbd-48c5-9325-d1d772cb5753" >
			<ee:message >
				<ee:set-payload ><![CDATA[%dw 2.0
output application/json
---
payload]]></ee:set-payload>
			</ee:message>
		</ee:transform>
		<logger level="INFO" doc:name="Logger" doc:id="f10492f7-caa2-42bd-b354-c6ff964ce3cc" />
	</flow>
	<flow name="getAllAirlineFlights" doc:id="873ad5b5-1b4a-4ff0-afd8-a127566e8eb3" >
		<scatter-gather doc:name="Scatter-Gather" doc:id="9ddee209-6c81-41b7-880c-5f5c31add135" >
			<route >
				<flow-ref doc:name="getAmericanFlights" doc:id="556baace-15bc-4f3e-beec-bd2478b1f9fd" name="getAmericanFlights"/>
			</route>
			<route >
				<flow-ref doc:name="getUnitedFlights" doc:id="225597b6-0d3d-4cc5-a13f-de379d9a3afd" name="getUnitedFlights"/>
			</route>
			<route >
				<flow-ref doc:name="getDeltaFlights" doc:id="0ebca710-3e32-4bbc-89d6-7fee4e87dd59" name="getDeltaFlights"/>
			</route>
		</scatter-gather>
		<ee:transform doc:name="flatten to [Flight]" doc:id="2c164083-ec09-43dc-a8a6-973aeb3a483c" >
			<ee:message >
				<ee:set-payload ><![CDATA[%dw 2.0
output application/java
---
flatten(payload..payload)]]></ee:set-payload>
			</ee:message>
		</ee:transform>
		<logger level="INFO" doc:name="Logger" doc:id="ee8d2630-5404-457e-804b-a771da4db64d" />
	</flow>
	<sub-flow name="setCode" doc:id="7f8e1136-3200-4a1e-8404-6cf333b869ed" >
		<set-variable value="#[message.attributes.queryParams.code]" doc:name="code" doc:id="340934f2-b2d2-40ab-8d08-53f123e9e4bb" variableName="code"/>
	</sub-flow>
	<flow name="getAmericanFlights" doc:id="916a5b73-93cd-4f33-a6d2-1e8db3e872c3" >
		<american-flights-api:get-flights doc:name="Get flights" doc:id="120480e4-2e3c-41ab-b94b-42f1cfc4873c" client-id="${american.client_id}" client-secret="${american.client_secret}" config-ref="American_Flights_API_Config" destination="#[vars.code]"/>
		<ee:transform doc:name="JSON to [Flight]" doc:id="ed1ad532-a948-42fd-8439-b3994921a903" >
			<ee:message >
				<ee:set-payload ><![CDATA[%dw 2.0
output application/java
---
payload map ( payload01 , indexOfPayload01 ) -> {
	airlineName: "American",
	availableSeats: payload01.plane.totalSeats,
	departureDate: payload01.departureDate,
	destination: payload01.destination,
	flightCode: payload01.code,
	origination: payload01.origin,
	planeType: payload01.plane."type",
	price: payload01.price
} as Object {
	class : "com.mulesoft.training.Flight"
}]]></ee:set-payload>
			</ee:message>
		</ee:transform>
		<logger level="INFO" doc:name="Logger" doc:id="401a98eb-4fd6-4d7b-8b7e-f64b539f41d5" />
	</flow>
	<flow name="getUnitedFlights" doc:id="beaff0f3-ba0a-4e69-b685-c2cc090f5782" >
		<http:request method="GET" doc:name="Getflights" doc:id="d46d1abf-2a6d-4f21-8116-a5f27b579a3e" path="/united/flights/{dest}" config-ref="HTTP_Request_config_training">
			<http:uri-params ><![CDATA[#[output application/java
---
{
	"dest" : vars.code
}]]]></http:uri-params>
		</http:request>
		<ee:transform doc:name="Transform Message" doc:id="f3b38971-0d17-416d-a69c-fccd1308c5f6" >
			<ee:message >
				<ee:set-payload ><![CDATA[%dw 2.0
output application/java
---
payload.flights map ( flight , indexOfFlight ) -> {
	airlineName: flight.airlineName,
	availableSeats: flight.emptySeats,
	departureDate: flight.departureDate,
	destination: flight.destination,
	flightCode: flight.code,
	origination: flight.origin,
	planeType: flight.planeType,
	price: flight.price
} as Object {
	class : "com.mulesoft.training.Flight"
}]]></ee:set-payload>
			</ee:message>
		</ee:transform>
		<logger level="INFO" doc:name="Logger" doc:id="d8a8eeb8-00a7-4624-875a-17792475d544" />
	</flow>
	<flow name="getDeltaFlights" doc:id="7e54067e-4af1-48c2-a11a-b24c70cf8ef2" >
		<ee:transform doc:name="Pass code" doc:id="4a969433-d5ec-45b8-8457-29c8a2e99cc1" >
			<ee:message >
				<ee:set-payload ><![CDATA[%dw 2.0
output application/xml
ns ns0 http://soap.training.mulesoft.com/
---
{
	ns0#findFlight: {
		destination: vars.code
	}
}]]></ee:set-payload>
			</ee:message>
		</ee:transform>
		<wsc:consume doc:name="Get flights" doc:id="b9ffbdf9-9d93-4e72-90eb-3b843abb633d" config-ref="Delta_Web_Service_Consumer_Config" operation="findFlight"/>
		<ee:transform doc:name="JSON to [Flight]" doc:id="cd95ea6f-a315-46fe-9b42-2587fd393ab6">
			<ee:message>
				<ee:set-payload><![CDATA[%dw 2.0
output application/java
ns ns0 http://soap.training.mulesoft.com/
---
payload.body.ns0#findFlightResponse.*return map ( return , indexOfReturn ) -> {
	airlineName: return.airlineName,
	availableSeats: return.emptySeats,
	departureDate: return.departureDate,
	destination: return.destination,
	flightCode: return.code,
	origination: return.origin,
	planeType: return.planeType,
	price: return.price
} as Object {
	class : "com.mulesoft.training.Flight"
}]]></ee:set-payload>
			</ee:message>
		</ee:transform>
		<logger level="INFO" doc:name="Logger" doc:id="ca570f2f-a9a7-4729-90c6-03e57c288595" />
	</flow>
</mule>
