<?xml version='1.0' encoding='UTF-8'?>
<types:mule xmlns:types="http://www.mulesoft.org/schema/mule/types">
  <types:catalog>
    <types:type name="accounts_json" format="json">
      <types:shape format="weave" example="examples/accounts.json"><![CDATA[%dw 2.0

type accounts_json = Array<{|  accountID: Number {"typeId": "int"},   country: String,   street: String,   state: String,   name: String,   city: String,   postal: String|}> {"example": "[{\\\"accountID\\\":5039,\\\"country\\\":\\\"United States\\\",\\\"street\\\":\\\"77 Geary Street\\\",\\\"state\\\":\\\"California\\\",\\\"name\\\":\\\"Maxine Mule\\\",\\\"city\\\":\\\"San Francisco\\\",\\\"postal\\\":\\\"94108\\\"},{\\\"accountID\\\":5043,\\\"country\\\":\\\"United States\\\",\\\"street\\\":\\\"77 Geary Street\\\",\\\"state\\\":\\\"California\\\",\\\"name\\\":\\\"Max Mule\\\",\\\"city\\\":\\\"San Francisco\\\",\\\"postal\\\":\\\"94108\\\"}]"}

]]></types:shape>
    </types:type>
  </types:catalog>
  <types:enrichment select="#12a98bdc-e2bd-4f55-8614-d1f1ca33e561">
    <types:processor-declaration>
      <types:input-event>
        <types:message>
          <types:payload type="accounts_json"/>
        </types:message>
      </types:input-event>
    </types:processor-declaration>
  </types:enrichment>
</types:mule>